Rk,School,G,W,L,W-L%,SRS,SOS,Home%,Road%,Tm.,Opp.,Pace,ORtg,FTr,3PAr,TS%,TRB%,AST%,STL%,BLK%,eFG%,TOV%,ORB%,FT/FGA
1,Abilene Christian NCAA,27,23,4,0.852,6.1,-8.46,100.00,55.56,2096,1634,72.5,107,0.351,0.372,0.552,51.8,65.6,13.7,9.2,0.526,16.5,31.7,0.236
2,Air Force,25,5,20,0.2,-13.04,0.17,27.27,9.09,1468,1798,63.9,91.9,0.309,0.45,0.547,40.1,59,11.1,8,0.521,21.2,15.3,0.214
3,Akron,23,15,8,0.652,2.79,-1.02,90.00,50.00,1798,1660,70.1,110.2,0.303,0.461,0.555,51.7,48.6,6.9,8.9,0.52,14.3,31,0.23
4,Alabama A&M,15,6,9,0.4,-19.25,-15.39,71.43,12.50,950,1008,70.1,88.9,0.318,0.329,0.475,49.8,47.6,7.7,9.1,0.448,18.6,28.1,0.199
5,Alabama-Birmingham,29,22,7,0.759,5.84,-3.79,88.24,60.00,2105,1748,68.9,105.3,0.314,0.272,0.524,51.7,39.1,11.6,12.1,0.493,13.2,29.5,0.219
6,Alabama State,18,4,14,0.222,-24.74,-17.41,33.33,11.11,1156,1288,72.4,88.8,0.427,0.347,0.476,49.1,45.7,8.4,6.1,0.435,19.3,29.5,0.277
7,Alabama NCAA,30,24,6,0.8,20.16,10.36,92.31,70.00,2387,2093,75.1,105.9,0.286,0.471,0.542,51,51.1,11.5,10.6,0.513,16,31.5,0.206
8,Albany (NY),16,7,9,0.438,-3.72,-4.41,44.44,33.33,1110,1099,69.7,99.6,0.341,0.343,0.541,47.9,47.3,8.8,5.1,0.505,16.4,22.3,0.247
9,Alcorn State,19,6,13,0.316,-19.97,-10.45,57.14,18.18,1256,1437,71.3,92.8,0.34,0.34,0.488,47.8,40.7,10.6,5,0.444,17.7,29.7,0.247
10,American,10,4,6,0.4,-2.46,2.04,50.00,33.33,691,736,67.5,97.5,0.268,0.427,0.55,48.2,51.6,10.3,11.4,0.526,20.1,24.1,0.189
11,Appalachian State NCAA,28,17,11,0.607,-5.33,-5.24,69.23,36.36,1986,1806,66.7,104.1,0.343,0.431,0.525,50.6,49.4,11.8,9.8,0.484,14.8,29.9,0.253
12,Arizona State,25,11,14,0.44,5.37,8.13,53.85,25.00,1858,1927,72.6,101.4,0.333,0.354,0.53,44.6,49.8,9.9,8.8,0.492,13.5,21.1,0.242
13,Arizona,26,17,9,0.654,12.69,5.85,75.00,50.00,1961,1783,68.4,109.2,0.418,0.314,0.548,55.1,60.4,8.5,11.2,0.505,14.7,34,0.304
14,Little Rock,26,11,15,0.423,-6.31,-5.35,63.64,20.00,1786,1782,67.9,100.2,0.369,0.337,0.542,52.3,55.5,9.3,9.6,0.508,19.2,31.1,0.259
15,Arkansas-Pine Bluff,25,4,21,0.16,-22.9,-8.02,40.00,10.53,1549,1921,69.5,88.2,0.386,0.295,0.483,46.7,45.8,9.1,9.9,0.432,19.7,26.7,0.279
16,Arkansas State,24,11,13,0.458,-7.96,-5.86,75.00,10.00,1741,1667,69.3,104.1,0.344,0.289,0.538,52.5,55.9,9.4,7.1,0.502,16.2,31.9,0.248
17,Arkansas NCAA,28,22,6,0.786,18.06,6.34,94.12,55.56,2307,1979,75.3,108.9,0.327,0.358,0.55,52.8,50.8,10.7,13.5,0.515,14.9,31.7,0.241
18,Army,21,12,9,0.571,4.67,4.77,50.00,62.50,1511,1452,69.9,102.3,0.282,0.41,0.544,49.6,54,9,4.2,0.527,15.9,23,0.179
19,Auburn,27,13,14,0.481,10.27,9.53,61.54,27.27,2084,2064,73.4,104.1,0.362,0.461,0.546,52,56.3,8.4,14.8,0.512,18.7,34.8,0.256
20,Austin Peay,27,14,13,0.519,-6.29,-7.85,61.54,40.00,2007,1890,69,106.6,0.286,0.354,0.546,52.1,48.7,9.7,5.9,0.513,17.8,36,0.215
21,Ball State,23,10,13,0.435,-1.11,-0.37,63.64,27.27,1719,1736,72,102.7,0.287,0.412,0.547,49.4,51.9,7.5,6.1,0.513,17.3,27.8,0.215
22,Baylor NCAA,24,22,2,0.917,23.32,5.36,100.00,87.50,2025,1594,70.2,119.5,0.27,0.392,0.593,53.2,54.8,12.7,10.3,0.575,14.9,37.5,0.188
23,Bellarmine,20,13,7,0.65,-1.96,-6.24,60.00,77.78,1486,1307,65.1,114.1,0.288,0.313,0.599,51.4,56.2,11,8.1,0.574,15.2,27.9,0.214
24,Belmont,30,26,4,0.867,3.88,-8.29,91.67,83.33,2439,2074,71.9,112.7,0.282,0.43,0.588,50.4,61.2,10.7,7.5,0.563,14.8,26.1,0.208
25,Binghamton,18,4,14,0.222,-11.45,-4.56,10.00,37.50,1178,1302,66.2,96.9,0.232,0.454,0.511,50.2,46.3,7.4,8.3,0.489,17.8,29.1,0.156
26,Boise State,26,18,8,0.692,9.61,0.85,91.67,50.00,1981,1725,70.2,108,0.35,0.382,0.558,52.3,50.2,9.4,7.9,0.521,14.4,27.3,0.26
27,Boston College,20,4,16,0.2,1.69,9.84,37.50,0.00,1427,1590,71.9,98.7,0.297,0.46,0.527,47.3,46,9.9,10,0.497,16.8,25,0.208
28,Boston University,18,7,11,0.389,1.11,5.67,25.00,50.00,1249,1331,67.8,102.4,0.286,0.38,0.532,51.2,41.9,8,7.8,0.497,16.1,28.9,0.215
29,Bowling Green State,25,14,11,0.56,1.03,-1.31,36.36,76.92,1963,1886,72.2,107.7,0.287,0.387,0.52,49.6,45,9.9,5.5,0.485,11.7,30.7,0.212
30,Bradley,28,12,16,0.429,0.5,1.34,57.14,18.18,1948,1864,66.4,103.9,0.24,0.369,0.534,52.3,51.9,7.7,11,0.509,16,29.3,0.174
31,Brigham Young NCAA,26,20,6,0.769,14.58,5.86,84.62,77.78,2047,1780,70.5,110.1,0.274,0.396,0.582,54.8,57.4,6.6,7.2,0.557,16.4,28.7,0.2
32,Brown,0,0,0,,,,#DIV/0!,#DIV/0!,,,,,,,,,,,,,,,
33,Bryant,21,15,6,0.714,0.99,-5.76,90.91,50.00,1761,1571,76.7,109.4,0.351,0.396,0.581,51.5,53.7,8.9,8.7,0.545,17.4,29.3,0.265
34,Bucknell,12,5,7,0.417,-3.71,-1.29,40.00,42.86,899,928,73.1,102.5,0.363,0.391,0.561,47.6,46.3,8,8.1,0.52,16,19.8,0.277
35,Buffalo,24,16,8,0.667,7.5,-1.02,72.73,62.50,1961,1748,74.4,108.7,0.298,0.311,0.537,55.3,52.3,10.6,9.6,0.513,15.4,37.3,0.201
36,Butler,25,10,15,0.4,5.74,10.9,66.67,10.00,1588,1717,65.1,96.1,0.294,0.398,0.5,48.8,53.8,8.4,6,0.475,15.3,26,0.19
37,Cal Poly,24,4,20,0.167,-14.98,-2.94,27.27,0.00,1477,1700,68.5,89.4,0.295,0.373,0.492,46.4,57.5,9,9.3,0.455,18.1,22.1,0.213
38,Cal State Bakersfield,26,15,11,0.577,-1.7,-3.95,81.82,42.86,1811,1665,65.7,105.6,0.272,0.27,0.524,56.2,53.4,9.7,10.1,0.494,16.4,39.3,0.194
39,Cal State Fullerton,16,6,10,0.375,-7.84,-4.57,55.56,16.67,1232,1257,72.7,105.1,0.343,0.359,0.557,47.6,50.7,9.1,5,0.521,15.6,25,0.253
40,Cal State Northridge,22,9,13,0.409,-10.2,-3.48,36.36,50.00,1586,1709,70.9,101.1,0.308,0.38,0.523,47,52.3,8.9,6.1,0.488,14.7,25.3,0.224
41,California Baptist,23,13,10,0.565,-6.42,-6.21,73.33,28.57,1820,1674,71.1,110.6,0.343,0.41,0.587,53.1,63.6,7.1,6.3,0.556,16.7,29,0.253
42,UC-Davis,18,10,8,0.556,-7.27,-5.68,57.14,57.14,1295,1289,70.7,99.8,0.369,0.309,0.54,48.9,43.4,10.4,8,0.49,17.9,26.6,0.289
43,UC-Irvine,27,18,9,0.667,1.96,-2.36,90.91,50.00,1950,1712,69.2,103.4,0.293,0.241,0.53,55.4,43.8,10.8,11.6,0.492,16,32.6,0.223
44,UC-Riverside,22,14,8,0.636,2.55,-4,55.56,70.00,1544,1400,66.8,103.9,0.22,0.423,0.546,52.5,53.8,7.8,6.2,0.525,15.7,26.2,0.155
45,UC-San Diego,17,7,10,0.412,-8.51,-0.58,70.00,0.00,1214,1226,70.2,101,0.213,0.514,0.567,43.8,65.8,9.7,5.4,0.556,17.4,17.3,0.136
46,UC-Santa Barbara NCAA,26,22,4,0.846,6.02,-4.31,100.00,66.67,1989,1633,67.4,112.5,0.342,0.339,0.579,54.2,59,11.1,7.4,0.545,14.2,29.4,0.257
47,University of California,29,9,20,0.31,2.48,7.34,42.86,8.33,1897,2008,66.3,98.7,0.346,0.405,0.53,49.4,52.3,6.6,6.2,0.497,17.1,24.6,0.242
48,Campbell,27,17,10,0.63,-6.29,-6.81,75.00,46.15,1917,1840,65.8,106.4,0.339,0.369,0.586,46.2,55.4,9.2,6.7,0.565,16.7,20.7,0.23
49,Canisius,13,7,6,0.538,-7.87,-7.1,75.00,50.00,915,925,71.5,98.4,0.316,0.416,0.506,48.6,51.4,7.8,8.9,0.47,14.7,26.6,0.224
50,Central Arkansas,24,5,19,0.208,-15.04,-2.17,44.44,6.67,1701,1933,74,95.8,0.321,0.337,0.532,51.1,53.1,6.8,6.8,0.498,20.8,28.9,0.23
51,Central Connecticut State,21,5,16,0.238,-13.08,-4.22,33.33,18.18,1439,1625,72,95.2,0.284,0.376,0.515,44.7,51.7,9.6,7.1,0.485,17.6,23.4,0.199
52,Central Florida,23,11,12,0.478,6.02,8.24,66.67,33.33,1546,1597,68,98.3,0.307,0.402,0.535,48.9,52.6,10,9.8,0.501,19,28.2,0.223
53,Central Michigan,23,7,16,0.304,-11.56,-3.41,41.67,18.18,1766,1835,74.9,102.5,0.369,0.326,0.53,48.3,39,10.9,7.6,0.499,15.6,27.7,0.248
54,Charleston Southern,21,3,18,0.143,-16.18,-5.68,10.00,20.00,1375,1550,70.2,92.8,0.302,0.428,0.509,49.5,45.2,8.7,10.2,0.474,20.4,28.2,0.216
55,Charlotte,25,9,16,0.36,-5.38,-2.13,46.15,27.27,1587,1668,64.6,95.9,0.384,0.35,0.532,49.4,51.7,8.2,8.6,0.489,18.3,22.2,0.281
56,Chattanooga,26,18,8,0.692,-1.13,-2.5,75.00,69.23,1888,1801,68.6,104.8,0.282,0.399,0.547,49.3,47.8,9.9,4.9,0.51,14.3,23.9,0.221
57,Chicago State,9,0,9,0,-31.29,1.94,#DIV/0!,0.00,499,798,71.2,77.8,0.254,0.408,0.448,38,49.4,7.6,3.7,0.413,20.1,16.6,0.177
58,Cincinnati,23,12,11,0.522,4.21,7.42,50.00,50.00,1585,1659,71.3,96.6,0.33,0.391,0.512,51.1,60.8,9.5,10.3,0.484,17.8,29.1,0.217
59,Citadel,25,13,12,0.52,-5.61,-0.99,78.57,11.11,2019,1959,74.9,107.9,0.316,0.46,0.56,50.3,54.9,7.3,10.2,0.534,14.4,25.4,0.222
60,Clemson NCAA,23,16,7,0.696,13.5,10.19,91.67,28.57,1502,1426,64.9,100.1,0.236,0.439,0.534,50.1,56.4,9.3,9.2,0.504,17.2,26.6,0.18
61,Cleveland State NCAA,26,19,7,0.731,-4.09,-4.97,81.82,61.54,1858,1835,67.6,103.2,0.32,0.343,0.533,49.8,53.1,10.1,7.7,0.507,16.1,30.9,0.214
62,Coastal Carolina,23,16,7,0.696,-2.17,-8.17,92.31,37.50,1836,1535,71.8,110.5,0.319,0.394,0.562,56.7,54.6,11.7,12.7,0.531,17.4,37.8,0.233
63,Colgate NCAA,15,14,1,0.933,19.16,1.43,88.89,100.00,1295,1029,72.2,118.6,0.311,0.357,0.596,53.3,55.5,9.9,8.7,0.571,12.2,28.1,0.227
64,College of Charleston,19,9,10,0.474,-4.12,-2.3,57.14,25.00,1341,1329,64.7,106.3,0.292,0.396,0.552,49.4,41.8,7.9,8.4,0.525,14,24.7,0.207
65,Colorado State,24,18,6,0.75,8.59,-0.45,90.91,60.00,1791,1571,69.4,107.5,0.346,0.436,0.59,51.6,56.6,7.9,7.9,0.55,17.7,24.6,0.273
66,Colorado NCAA,30,22,8,0.733,16.76,6.99,91.67,50.00,2191,1898,66.3,110.2,0.299,0.359,0.563,53.2,51.3,8,7.8,0.52,14.6,30.8,0.246
67,Columbia,0,0,0,,,,#DIV/0!,#DIV/0!,,,,,,,,,,,,,,,
68,Connecticut NCAA,22,15,7,0.682,17.13,9.22,70.00,66.67,1596,1422,66.6,108.4,0.296,0.333,0.529,53.4,49.4,9.2,14.4,0.495,14.6,36.6,0.216
69,Coppin State,22,9,13,0.409,-11.3,-4.99,62.50,30.77,1602,1741,79.3,91.8,0.438,0.494,0.515,43.7,54.1,10.8,8,0.486,18.3,18.5,0.273
70,Cornell,0,0,0,,,,#DIV/0!,#DIV/0!,,,,,,,,,,,,,,,
71,Creighton NCAA,28,20,8,0.714,17.59,8.91,78.57,63.64,2155,1912,69.5,109.8,0.269,0.443,0.57,49.7,55.8,10.1,9.5,0.557,14.1,24.8,0.173
72,Dartmouth,0,0,0,,,,#DIV/0!,#DIV/0!,,,,,,,,,,,,,,,
73,Davidson,21,13,8,0.619,10.59,3.99,63.64,66.67,1518,1336,63.7,112.8,0.262,0.491,0.581,53.8,57.8,8,8.2,0.563,14.7,28.4,0.18
74,Dayton,23,14,9,0.609,7.4,4.88,72.73,40.00,1614,1556,66.4,102.9,0.345,0.416,0.583,50.5,55.7,6.6,5.3,0.555,19.5,23.7,0.248
75,Delaware State,19,3,16,0.158,-23.02,-5.25,33.33,0.00,1345,1629,77.1,91.2,0.302,0.416,0.497,46.5,46.2,8.3,9.4,0.46,19.2,26.9,0.217
76,Delaware,15,7,8,0.467,-4.27,-4.12,66.67,20.00,1013,1012,67.8,99.6,0.375,0.405,0.542,51.6,54.2,6.8,9.6,0.505,18.7,26.9,0.267
77,Denver,21,2,19,0.095,-17.21,-6.61,16.67,0.00,1466,1662,71.4,96.7,0.34,0.344,0.539,46.8,48.4,7.9,7.5,0.503,18.6,22.1,0.245
78,DePaul,19,5,14,0.263,3.63,9.79,20.00,28.57,1250,1367,70.6,91.9,0.237,0.283,0.487,50.1,45.1,9.6,11,0.461,18.9,31.8,0.16
79,Detroit Mercy,22,12,10,0.545,-2.77,-5.31,58.33,50.00,1683,1627,68.2,111.5,0.253,0.446,0.582,49.1,52.7,9.9,7.2,0.551,14.9,26.9,0.203
80,Dixie State,21,8,13,0.381,-14.97,-4.4,41.67,33.33,1461,1603,74,94,0.348,0.341,0.511,47,62.5,9.2,5.3,0.471,18.3,25.3,0.249
81,Drake NCAA,29,25,4,0.862,9.55,-1.63,93.33,81.82,2245,1875,66.8,114.9,0.244,0.314,0.573,53.8,46,10.6,8.4,0.552,13.2,31.6,0.174
82,Drexel NCAA,19,12,7,0.632,0.23,-4.41,60.00,44.44,1358,1270,65.9,108.4,0.285,0.357,0.576,53.7,58.2,7.1,6.5,0.543,17.2,29.4,0.222
83,Duke,24,13,11,0.542,14.04,9.33,61.54,33.33,1824,1711,69.1,108.8,0.234,0.386,0.555,51.3,55.9,11.8,11.8,0.536,15.7,31.9,0.162
84,Duquesne,18,9,9,0.5,3.36,3.53,71.43,28.57,1205,1208,68.4,98,0.316,0.37,0.504,50.2,55,9.8,13,0.476,16.7,31,0.206
85,East Carolina,19,8,11,0.421,1.12,3.95,53.85,20.00,1269,1291,68.9,96.3,0.331,0.328,0.501,49,67.5,8.9,9.9,0.46,15.9,27.2,0.239
86,East Tennessee State,25,13,12,0.52,2.05,0.7,66.67,37.50,1736,1654,67.6,102.2,0.299,0.406,0.537,52.2,47.6,10.8,8.4,0.509,17.3,29.7,0.208
87,Eastern Illinois,27,9,18,0.333,-12.27,-6.75,41.67,26.67,1874,2023,70.2,97.6,0.257,0.354,0.515,48.9,50.9,10,8.8,0.493,17.4,28.7,0.169
88,Eastern Kentucky,29,22,7,0.759,-2.23,-7.79,83.33,69.23,2372,2137,76.1,105.6,0.255,0.4,0.544,47.5,52.9,13.3,9.2,0.519,14.6,26.7,0.18
89,Eastern Michigan,18,6,12,0.333,-13.33,-0.33,55.56,11.11,1267,1362,71.4,98.6,0.303,0.382,0.514,46.7,44.2,12.5,7,0.475,15.2,25.1,0.226
90,Eastern Washington NCAA,23,16,7,0.696,2.46,-5.45,77.78,54.55,1795,1597,71.7,108.9,0.302,0.401,0.574,50.7,54.4,6.9,7.3,0.538,14.4,23.4,0.238
91,Elon,19,10,9,0.526,-4.5,-3.61,66.67,33.33,1249,1235,66.8,98.4,0.245,0.436,0.516,50.7,45.9,8.5,6.7,0.485,15.3,25,0.182
92,Evansville,25,9,16,0.36,-4.7,0.14,66.67,9.09,1619,1740,62.4,102.3,0.254,0.49,0.556,45.6,51,7.7,6.3,0.532,15.8,19,0.182
93,Fairfield,27,10,17,0.37,-10.73,-5.84,33.33,27.27,1668,1800,65.2,93.8,0.341,0.355,0.493,50.6,46.7,7,6.1,0.454,17.1,28.1,0.237
94,Fairleigh Dickinson,24,9,15,0.375,-8.4,-4.69,40.00,35.71,1801,1890,71.9,103.2,0.311,0.361,0.548,47.8,44.5,10.4,10.4,0.518,17.1,28.7,0.221
95,Florida A&M,20,8,12,0.4,-11.96,-9.16,80.00,28.57,1314,1370,70.9,92.7,0.298,0.269,0.511,49.9,53,9.2,6.8,0.486,20.8,30.2,0.194
96,Florida Atlantic,23,13,10,0.565,-1.88,-4.77,87.50,36.36,1796,1537,70.7,109.9,0.289,0.417,0.56,55.4,51.4,10.7,7.7,0.542,16.6,34,0.191
97,Florida Gulf Coast,18,10,8,0.556,-9.47,-6.97,63.64,50.00,1292,1242,72.5,99,0.241,0.443,0.515,50.9,50.9,10.3,11.2,0.494,17.4,29.9,0.16
98,Florida International,26,9,17,0.346,-10.99,-3.04,46.67,18.18,1914,1985,72.8,99.7,0.244,0.509,0.535,46,56.2,11.4,10,0.515,17.5,26.2,0.163
99,Florida State NCAA,22,16,6,0.727,17.98,9.39,92.31,42.86,1736,1547,70.3,110.9,0.327,0.355,0.575,53.2,51.9,10.4,14.6,0.544,17.3,35.5,0.241
100,Florida NCAA,23,14,9,0.609,14.89,10.76,66.67,50.00,1701,1606,70.8,104.5,0.338,0.338,0.562,50.8,45,10.3,14.4,0.525,18.2,30.7,0.256
101,Fordham,14,2,12,0.143,-10.52,4.26,28.57,0.00,725,932,64.2,80.6,0.275,0.411,0.448,43.5,59.5,9.7,7,0.414,18.8,19.2,0.184
102,Fresno State,24,12,12,0.5,-3.5,0.14,58.33,40.00,1591,1618,66.9,98.6,0.376,0.387,0.524,52.4,45.1,9.8,8.7,0.492,18.5,31,0.251
103,Furman,25,16,9,0.64,6.46,-1.22,91.67,41.67,1990,1723,70.9,111.8,0.266,0.472,0.589,51.6,57,11.5,9.5,0.568,15.6,27.2,0.192
104,Gardner-Webb,26,11,15,0.423,-3.31,-5.58,63.64,26.67,1837,1778,67,105.5,0.3,0.439,0.549,49.5,52.1,8.8,14.7,0.524,15.4,26.7,0.207
105,George Mason,22,13,9,0.591,2.93,1.5,70.00,42.86,1569,1538,69.2,100.2,0.293,0.362,0.511,51.9,49.7,10.2,11.5,0.488,15.5,30.2,0.188
106,George Washington,17,5,12,0.294,-4.62,-0.44,33.33,16.67,1158,1229,68.9,98.1,0.361,0.339,0.533,49.3,47.2,9.1,7,0.498,17.6,24.5,0.252
107,Georgetown NCAA,25,13,12,0.52,11.73,11.05,53.85,25.00,1784,1767,70.2,101.2,0.303,0.388,0.533,53.4,51.7,8.4,10.4,0.496,18.6,32.4,0.228
108,Georgia Southern,26,13,13,0.5,-9.75,-5.79,69.23,33.33,1860,1762,68.4,101.7,0.301,0.396,0.53,51.9,46.9,11.5,11.3,0.51,17.6,32.5,0.191
109,Georgia State,22,16,6,0.727,-1.23,-4.13,90.00,55.56,1767,1599,71.2,110.4,0.307,0.359,0.556,50.4,56.9,9.8,12.2,0.532,13.8,31.3,0.21
110,Georgia Tech NCAA,25,17,8,0.68,14.06,8.54,78.57,44.44,1888,1750,68.2,108,0.29,0.369,0.566,47.2,57.7,13.2,9.3,0.538,14.3,24.7,0.211
111,Georgia,26,14,12,0.538,7.02,8.42,70.59,25.00,2014,2027,75.8,101.8,0.345,0.318,0.54,50.8,53,11.1,6.3,0.509,18.9,33.1,0.238
112,Gonzaga NCAA,26,26,0,1,26.43,3.43,100.00,100.00,2395,1797,75.3,122.4,0.366,0.323,0.633,55.3,53.6,11,7.1,0.61,14.3,30.4,0.266
113,Grambling,24,12,12,0.5,-14.78,-13,60.00,41.67,1617,1649,72.1,93,0.421,0.287,0.513,48.5,60,11.2,8.4,0.476,19.1,25.4,0.28
114,Grand Canyon NCAA,23,17,6,0.739,3.83,-5.78,76.92,83.33,1738,1405,68.3,110.6,0.322,0.358,0.574,57,57.4,7.1,9,0.551,16.6,32.2,0.221
115,Green Bay,25,8,17,0.32,-9.32,-4.4,50.00,15.38,1790,1913,67.7,102.7,0.273,0.339,0.526,47.6,53.7,7.9,9.3,0.492,13.6,25.7,0.204
116,Hampton,25,11,14,0.44,-13.05,-8.65,41.67,46.15,1721,1831,70.1,98.2,0.286,0.388,0.527,46,47.2,8.7,16.1,0.495,16.3,22.1,0.207
117,Hartford NCAA,23,15,8,0.652,-2.76,-5.37,90.91,45.45,1515,1455,66.5,99,0.286,0.425,0.533,48.9,46.6,10.5,6.1,0.504,17,24.8,0.204
118,Harvard,0,0,0,,,,#DIV/0!,#DIV/0!,,,,,,,,,,,,,,,
119,Hawaii,21,11,10,0.524,-4.48,-4.22,58.33,50.00,1503,1452,68.4,102.8,0.311,0.377,0.542,52.7,46.1,8.1,3.8,0.51,17.3,30.3,0.224
120,High Point,24,9,15,0.375,-10.19,-6.98,50.00,28.57,1600,1677,67.4,98.3,0.383,0.292,0.499,51,51.8,9.7,12.5,0.458,15.9,32,0.263
121,Hofstra,23,13,10,0.565,-1.85,-2.02,70.00,45.45,1683,1679,68.9,105.6,0.332,0.393,0.542,50,49.2,9.5,7.9,0.508,15.2,29.3,0.238
122,Holy Cross,16,5,11,0.313,-0.17,5.27,22.22,42.86,1130,1217,69.9,100.3,0.261,0.33,0.529,47.1,45.6,9.8,10.1,0.503,16.2,26.5,0.182
123,Houston Baptist,25,6,19,0.24,-16.94,-5.94,40.00,7.69,1776,2007,74.2,95.2,0.279,0.396,0.528,47.1,55.7,9.4,9.5,0.496,19.9,25.4,0.205
124,Houston NCAA,27,24,3,0.889,22.14,4.14,100.00,62.50,2096,1562,66.6,116.5,0.297,0.42,0.552,56.2,51.6,12.3,14.6,0.52,13.4,39.6,0.22
125,Howard,5,1,4,0.2,-13.8,-2.05,50.00,#DIV/0!,363,424,73.1,99.2,0.389,0.435,0.541,47.2,60.2,7.1,12.8,0.502,17.7,22.9,0.279
126,Idaho State,24,13,11,0.542,-9.8,-7.11,72.73,50.00,1637,1481,66.4,101.7,0.393,0.396,0.547,54.7,48.8,6.7,9.3,0.509,19.3,32.3,0.28
127,Idaho,22,1,21,0.045,-19.79,-4.38,10.00,0.00,1343,1682,67.4,89.5,0.296,0.316,0.52,46.6,54.4,7.3,5.5,0.485,21.8,22,0.214
128,Illinois-Chicago,22,9,13,0.409,-11.31,-6.67,63.64,18.18,1489,1591,69.6,96.1,0.228,0.418,0.516,48.4,53.2,5.2,7,0.497,16.8,23.4,0.15
129,Illinois State,25,7,18,0.28,-5.21,0.62,27.27,25.00,1799,1870,70.7,100.3,0.252,0.383,0.544,49.5,50.8,8.4,9.3,0.526,17.3,23.8,0.167
130,Illinois NCAA,29,23,6,0.793,24.84,12.67,84.62,75.00,2361,2008,71.5,112.4,0.392,0.307,0.583,57.1,55.6,7.9,7,0.556,15.9,33,0.271
131,Incarnate Word,22,8,14,0.364,-16.09,-8.51,41.67,33.33,1495,1578,68.2,99.1,0.337,0.382,0.547,47.1,51.3,7.8,4.7,0.516,18.4,23.9,0.237
132,Indiana State,25,15,10,0.6,2.25,2.13,75.00,45.45,1662,1645,66.8,99.6,0.359,0.333,0.53,48.9,46,9.8,8.7,0.489,16.2,25,0.264
133,Indiana,27,12,15,0.444,13.85,13.51,50.00,30.00,1882,1873,67.1,100.6,0.415,0.323,0.521,49,57.5,8.3,10.5,0.485,15.1,25.3,0.275
134,Iona NCAA,17,12,5,0.706,-0.87,-7.17,66.67,57.14,1228,1121,69.9,103.4,0.361,0.376,0.551,54.4,56,9.8,11.9,0.512,19.3,33.4,0.268
135,Iowa State,24,2,22,0.083,-0.54,10.59,16.67,0.00,1574,1841,70.5,93,0.196,0.386,0.51,45.4,47,9.2,8.1,0.48,18.8,24.3,0.154
136,Iowa NCAA,29,21,8,0.724,23.21,11.38,87.50,60.00,2429,2086,70.9,117.6,0.32,0.399,0.573,52,64.3,7.8,11.6,0.546,11.5,30.7,0.228
137,Purdue-Fort Wayne,23,8,15,0.348,-11.32,-7.8,45.45,25.00,1728,1809,69.4,104.2,0.302,0.405,0.6,49.3,52,9.4,7.5,0.582,21.4,26.2,0.208
138,IUPUI,18,8,10,0.444,-10.82,-6.21,44.44,44.44,1281,1364,72.7,97.9,0.305,0.389,0.523,48.6,52.9,9.5,5.9,0.49,17,25.4,0.219
139,Jackson State,18,12,6,0.667,-11.55,-14.33,100.00,50.00,1181,1131,70.5,91.8,0.421,0.293,0.491,51.2,47.9,11.4,8.4,0.446,18.7,28.9,0.286
140,Jacksonville State,27,18,9,0.667,-2.61,-5.65,72.73,58.33,2005,1851,68,107.7,0.316,0.393,0.556,53.4,53,7.3,9.8,0.531,16.6,32.3,0.217
141,Jacksonville,24,11,13,0.458,-10.95,-6.55,58.33,33.33,1622,1668,69.5,96.7,0.34,0.398,0.529,48,46.6,9.8,7.4,0.502,18.3,24.8,0.226
142,James Madison,20,13,7,0.65,0.73,-2.33,76.92,50.00,1562,1409,72.4,107.9,0.386,0.405,0.549,50.2,50.8,10.3,6.4,0.521,14.6,29.4,0.258
143,Kansas State,29,9,20,0.31,0.8,9.09,33.33,22.22,1792,2037,66.5,92.8,0.289,0.409,0.5,49.9,58.1,8.3,4.7,0.472,19.4,29.7,0.192
144,Kansas NCAA,28,20,8,0.714,16.6,10.26,93.33,40.00,2047,1841,69.5,104.8,0.305,0.363,0.533,52.5,52,9.8,11.2,0.502,15.3,31.3,0.217
145,Kennesaw State,24,5,19,0.208,-13.93,-3.46,30.77,0.00,1571,1672,69.7,93.9,0.296,0.387,0.507,50,45.5,8.2,6.7,0.481,18,25.5,0.195
146,Kent State,23,15,8,0.652,2.63,-1,81.82,54.55,1764,1635,70.9,107.6,0.277,0.396,0.544,53.7,52,9.5,9.1,0.508,16.1,34.8,0.216
147,Kentucky,25,9,16,0.36,12.41,12.13,45.45,36.36,1761,1754,70,99.7,0.345,0.322,0.513,51.2,50.7,8.9,14.9,0.471,16.9,32.6,0.251
148,La Salle,25,9,16,0.36,-2.34,4.08,66.67,21.43,1702,1838,69.7,97.2,0.242,0.394,0.525,48.5,50.2,10.6,9.4,0.503,18.2,26.8,0.166
149,Lafayette,15,9,6,0.6,-1.24,-2.24,66.67,50.00,1165,1150,70.2,107.1,0.303,0.386,0.549,47.3,60,8.6,7.9,0.506,13.3,23.7,0.244
150,Lamar,28,10,18,0.357,-13.24,-6.71,50.00,21.43,1843,2026,69.8,93.5,0.308,0.277,0.5,48.4,49.6,10.1,11.1,0.46,17.7,26.4,0.226
151,Lehigh,15,4,11,0.267,-8.72,-0.45,16.67,33.33,1025,1149,71.3,95,0.279,0.256,0.502,49.4,49.2,8.3,5.6,0.471,16.1,24.9,0.195
152,Liberty NCAA,28,23,5,0.821,4.3,-6.7,100.00,62.50,2097,1670,64.5,116,0.238,0.478,0.609,53,58.6,7.1,6.7,0.585,13.6,23.8,0.185
153,Lipscomb,27,15,12,0.556,-6.92,-5.49,71.43,36.36,1922,1848,68.4,103.7,0.337,0.381,0.555,49.6,53,9,5.8,0.527,15.8,23.6,0.233
154,Cal State Long Beach,18,6,12,0.333,-9.9,-4.23,57.14,11.11,1328,1430,74.2,96.7,0.377,0.338,0.538,46.9,45.1,8.2,7.2,0.506,18.9,23.1,0.257
155,Long Island University,18,9,9,0.5,-5.74,-6.8,66.67,33.33,1332,1313,74.5,99.3,0.312,0.404,0.502,51.1,61.2,11.3,9.7,0.473,16.3,32.9,0.208
156,Longwood,28,12,16,0.429,-7.34,-6.27,61.54,26.67,1854,1886,66.2,100,0.315,0.379,0.528,50.1,44.6,9.3,6.1,0.499,17.3,28.1,0.216
157,Louisiana,26,17,9,0.654,-4.89,-5.56,76.92,60.00,1934,1892,72.1,102.2,0.288,0.331,0.529,53.5,46.6,7.7,11,0.501,17.5,33.6,0.201
158,Louisiana-Monroe,26,7,19,0.269,-10.64,-5.95,38.46,16.67,1670,1792,67.7,94.5,0.251,0.39,0.51,44.9,58.3,10.9,8.1,0.482,17.1,22.7,0.176
159,Louisiana State NCAA,27,18,9,0.667,15.66,8.88,84.62,40.00,2217,2034,72.8,112.3,0.34,0.371,0.564,50.1,42.3,11,7.8,0.528,13.9,31.5,0.254
160,Louisiana Tech,28,21,7,0.75,6.47,-1.53,93.75,50.00,2059,1810,70.8,103.8,0.345,0.373,0.539,52.8,48,9.1,7.6,0.509,16,28.3,0.237
161,Louisville,20,13,7,0.65,11.19,9.74,81.82,50.00,1359,1330,66,102.3,0.321,0.303,0.514,53.3,44.7,7.2,5.5,0.478,14.8,32,0.23
162,Loyola (IL) NCAA,28,24,4,0.857,14.6,-0.09,100.00,72.73,2002,1555,63.9,111,0.315,0.375,0.598,54.1,60.1,10.8,7,0.574,16.6,25.3,0.227
163,Loyola Marymount,22,13,9,0.591,4.58,3.08,72.73,44.44,1529,1496,67.8,101.9,0.413,0.349,0.557,56.3,53.3,6.9,7.7,0.517,20.4,32,0.3
164,Loyola (MD),17,6,11,0.353,1.73,0.56,42.86,30.00,1226,1206,68.4,100.9,0.354,0.303,0.529,52.7,47.9,9.5,8.7,0.511,17.5,31.3,0.214
165,Maine,9,2,7,0.222,-14.87,-3.43,50.00,14.29,478,581,65.4,81.2,0.272,0.449,0.468,46.8,62.8,8.7,13.5,0.451,22.4,23.3,0.155
166,Manhattan,20,7,13,0.35,-11.5,-7.65,40.00,33.33,1268,1345,67.6,91,0.355,0.373,0.466,49.5,54,11.1,10.6,0.426,17.5,31.9,0.236
167,Marist,21,12,9,0.571,-8.26,-8.07,66.67,54.55,1332,1336,66.7,93.9,0.315,0.412,0.52,50.3,48.2,8,12.4,0.491,19.1,23,0.216
168,Marquette,27,13,14,0.481,9.27,9.35,50.00,50.00,1883,1885,68.4,101.6,0.35,0.374,0.544,51.7,50.4,7.4,9.9,0.506,18.3,29.1,0.257
169,Marshall,22,15,7,0.682,5.99,-1.37,75.00,66.67,1758,1596,73.1,108.7,0.242,0.41,0.571,48.7,53.2,10.6,13.2,0.548,14.6,23.8,0.175
170,Maryland-Baltimore County,20,14,6,0.7,-0.13,-4.78,55.56,81.82,1391,1298,68.7,101.2,0.366,0.371,0.539,51.8,45.3,7.4,5.1,0.503,16.7,25.8,0.26
171,Maryland-Eastern Shore,0,0,0,,,,#DIV/0!,#DIV/0!,,,,,,,,,,,,,,,
172,Maryland NCAA,29,16,13,0.552,15.33,12.86,64.71,40.00,1995,1884,66.2,104,0.337,0.432,0.561,49.8,55.1,7.6,10.2,0.532,15.4,20.6,0.237
173,Massachusetts-Lowell,23,11,12,0.478,-5.31,-2.87,42.86,50.00,1575,1631,69.3,98.9,0.372,0.349,0.54,51.1,47.7,7.2,10.7,0.512,18.6,27,0.246
174,Massachusetts,15,8,7,0.533,5.89,2.16,57.14,50.00,1151,1095,72.3,103.5,0.342,0.44,0.538,48.2,56.9,9.9,9.9,0.5,14.5,24.3,0.251
175,McNeese State,24,10,14,0.417,-18.5,-11.61,58.33,27.27,1927,1722,73.3,109.5,0.286,0.361,0.583,53.6,61.7,9.8,5.4,0.563,17.8,31.4,0.197
176,Memphis,24,16,8,0.667,12.75,3.55,90.91,57.14,1730,1509,72.7,99.2,0.342,0.356,0.524,54.6,61.4,12.4,14.2,0.504,19.1,33.7,0.212
177,Mercer,29,18,11,0.621,1.75,-1.13,69.23,50.00,2225,2082,70.1,107.6,0.249,0.387,0.572,52,57.6,9.7,7.9,0.551,16.1,26.2,0.179
178,Merrimack,18,9,9,0.5,-7.04,-6.66,66.67,33.33,1193,1200,68,96.8,0.31,0.412,0.538,45.3,49.8,11.7,10.1,0.514,18.1,20.8,0.206
179,Miami (FL),27,10,17,0.37,4.13,8.65,46.67,11.11,1794,1916,68,97.2,0.328,0.333,0.509,50.2,47.1,9.7,10.9,0.474,16.2,27.1,0.23
180,Miami (OH),23,12,11,0.522,-1.91,-1.96,63.64,45.45,1663,1647,67.4,106.6,0.254,0.395,0.542,49.6,46.5,6.6,7.4,0.508,13.9,27.9,0.197
181,Michigan State NCAA,27,15,12,0.556,11.02,12.54,80.00,27.27,1864,1905,69.1,99.9,0.314,0.341,0.515,52.3,64.1,6.6,12.3,0.479,16.3,30.4,0.226
182,Michigan NCAA,24,20,4,0.833,23.37,12.5,92.86,75.00,1830,1569,67.6,112.3,0.289,0.339,0.582,54.5,55.5,6.5,10.6,0.549,14.5,29.4,0.225
183,Middle Tennessee,23,5,18,0.217,-10.57,-0.57,45.45,0.00,1426,1627,69.8,88.7,0.257,0.399,0.48,48.2,44.8,10.2,6.1,0.451,18.9,25.8,0.176
184,Milwaukee,22,10,12,0.455,-6.88,-6.16,44.44,50.00,1662,1678,71.1,103.9,0.332,0.359,0.533,48.1,48.5,8.4,6,0.495,13.5,24.1,0.243
185,Minnesota,29,14,15,0.483,12.06,12.75,76.47,0.00,2103,2123,70.7,101.2,0.367,0.407,0.499,48,56.7,8.8,11.4,0.45,13.3,29.2,0.272
186,Mississippi State,29,15,14,0.517,8.95,6.71,60.00,55.56,1997,1932,67,101,0.329,0.272,0.521,55,50.2,9.2,13.5,0.496,18.4,36.4,0.212
187,Mississippi Valley State,24,2,22,0.083,-38.55,-8.01,16.67,5.88,1364,2097,73.9,76.9,0.246,0.483,0.453,40.8,55,6.2,7,0.436,22.2,18,0.141
188,Mississippi,27,16,11,0.593,12.02,6.32,71.43,45.45,1866,1712,67.2,102.3,0.344,0.307,0.523,53.4,48.8,11.3,11.8,0.488,17.2,34.8,0.241
189,Missouri-Kansas City,24,11,13,0.458,-5.37,-3.12,72.73,20.00,1683,1502,66.5,105.5,0.293,0.315,0.572,50.3,55.3,11.9,7.1,0.555,16.9,24.3,0.193
190,Missouri State,24,17,7,0.708,5.25,0.07,69.23,77.78,1762,1594,68.7,106.9,0.312,0.387,0.576,53.6,51,6.8,7.5,0.546,16.6,24.8,0.231
191,Missouri NCAA,25,16,9,0.64,12.73,11.01,66.67,60.00,1841,1798,70.5,103.4,0.375,0.375,0.543,50.2,51.1,9.4,9,0.509,16.5,28.6,0.261
192,Monmouth,20,12,8,0.6,-5.19,-6.94,77.78,50.00,1521,1486,74.5,100.3,0.382,0.346,0.525,48.6,54.1,10.9,9.8,0.485,15.6,25.7,0.27
193,Montana State,23,13,10,0.565,-6.97,-5.97,62.50,50.00,1703,1655,70,104.1,0.397,0.332,0.552,50.7,43.3,7.9,6.6,0.506,15.7,26,0.3
194,Montana,28,15,13,0.536,-5.12,-3.03,66.67,38.46,1981,1876,68,102.7,0.366,0.281,0.557,50.2,51.1,7.1,7,0.511,17.3,24.3,0.286
195,Morehead State NCAA,30,23,7,0.767,-0.45,-4.55,92.31,61.54,2065,1902,67.2,101.6,0.359,0.351,0.551,54.8,51.8,6.5,14.7,0.522,19.7,31.7,0.245
196,Morgan State,22,14,8,0.636,-5.45,-10.13,50.00,77.78,1755,1606,75.9,105.1,0.359,0.382,0.54,52.4,54.2,10.4,11,0.499,17.5,34.8,0.266
197,Mount St. Mary's NCAA,22,12,10,0.545,-3.36,-4.77,66.67,50.00,1402,1371,63.9,98.7,0.297,0.363,0.515,53.9,50.6,6.8,10.9,0.487,17.5,31.6,0.201
198,Murray State,26,13,13,0.5,-2.47,-7.8,69.23,33.33,1986,1739,69.4,109.6,0.254,0.378,0.582,53,57.5,9.7,10.4,0.567,16.9,28.3,0.171
199,Navy,18,15,3,0.833,4.53,0.03,80.00,85.71,1287,1206,67.2,104.9,0.33,0.326,0.534,52.6,47.6,12,7.4,0.5,15.6,32.3,0.234
200,Omaha,25,5,20,0.2,-13.17,-2.53,16.67,20.00,1683,1949,72.2,93.3,0.292,0.266,0.495,47.5,37.8,7.8,7.8,0.463,16.1,23,0.201
201,Nebraska,27,7,20,0.259,7.1,13.29,40.00,9.09,1889,2004,73,95.5,0.311,0.426,0.513,47.7,55,9.8,9.6,0.489,17.1,23.5,0.199
202,Nevada-Las Vegas,27,12,15,0.444,-1.34,1.14,66.67,30.00,1875,1822,66.8,103.9,0.212,0.403,0.537,52.7,50.4,9.5,9.1,0.516,16.2,29.8,0.15
203,Nevada,26,16,10,0.615,5.29,2.01,83.33,22.22,1916,1812,70.1,105.1,0.388,0.392,0.56,50.8,57.9,8,9.5,0.517,16.2,24.2,0.293
204,New Hampshire,19,10,9,0.526,-7.33,-5.83,45.45,62.50,1278,1266,67.7,98.7,0.319,0.36,0.494,51.5,47.1,8,8.4,0.46,13.9,28,0.218
205,New Mexico State,20,12,8,0.6,-2.28,-6.16,66.67,50.00,1422,1283,66.5,106.9,0.312,0.478,0.536,54.2,50.6,7.5,7.2,0.501,15.5,34.1,0.228
206,New Mexico,22,6,16,0.273,-12.42,-1.77,#DIV/0!,27.27,1436,1578,69.2,93.2,0.327,0.293,0.477,52.1,51.5,8.2,12,0.453,17.9,34.3,0.196
207,New Orleans,25,10,15,0.4,-11.07,-9.91,66.67,16.67,1899,1910,74.4,101.1,0.327,0.283,0.557,49.9,55.6,10.1,6.9,0.523,19.8,29.3,0.241
208,Niagara,20,9,11,0.45,-6.84,-6.29,62.50,30.00,1293,1304,65.6,98.5,0.346,0.372,0.505,46.6,52.7,8.9,6.2,0.466,13.5,23.3,0.245
209,Nicholls State,25,18,7,0.72,-5.65,-9.15,88.89,58.33,1960,1831,74.4,104.4,0.277,0.376,0.538,50.2,45.8,12.1,8.6,0.516,15.2,28.5,0.185
210,NJIT,19,7,12,0.368,-8.99,-4.94,37.50,40.00,1256,1333,68.1,95.8,0.342,0.358,0.497,45.7,41.1,9.7,6.2,0.459,14.4,24,0.236
211,Norfolk State NCAA,23,16,7,0.696,-4.84,-9.41,63.64,66.67,1730,1591,72,103.9,0.384,0.36,0.539,50.6,47.7,8.8,10.6,0.502,15.8,28.9,0.271
212,North Alabama,24,13,11,0.542,-9.86,-6.11,66.67,33.33,1756,1666,71.3,101.6,0.291,0.391,0.529,52.7,43.6,8.2,9.7,0.494,16.7,29.3,0.217
213,North Carolina-Asheville,20,10,10,0.5,-6.45,-7.05,60.00,40.00,1468,1456,69.9,103.1,0.302,0.391,0.558,47.2,46.4,9.8,10.6,0.546,18.7,26.8,0.183
214,North Carolina A&T,21,11,10,0.524,-13.84,-7.63,55.56,45.45,1517,1523,74.3,96.6,0.368,0.337,0.507,46.4,53.2,11.7,7.2,0.475,16.4,27.8,0.242
215,North Carolina Central,14,5,9,0.357,-15.34,-8.11,66.67,0.00,942,1003,69.7,95.7,0.33,0.354,0.515,46.7,50.8,10.4,7.9,0.481,18.3,25.9,0.229
216,North Carolina-Greensboro NCAA,29,21,8,0.724,3.88,-2.29,70.00,76.92,2135,1956,70.5,103.9,0.238,0.389,0.506,52,44.3,10.6,12.3,0.482,13.1,31.9,0.163
217,North Carolina State,23,13,10,0.565,10.17,7.21,63.64,50.00,1684,1616,68.5,106.3,0.321,0.324,0.555,48.7,48.5,12.1,12.2,0.527,16.3,30,0.226
218,North Carolina-Wilmington,17,7,10,0.412,-6.07,-5.69,42.86,42.86,1297,1253,70.7,107.2,0.368,0.367,0.546,47.5,46.6,8.5,8.6,0.5,13.8,27,0.282
219,North Carolina NCAA,28,18,10,0.643,16.3,10.01,90.91,30.00,2119,1943,71.9,105.3,0.349,0.282,0.516,57.1,55.8,10,12.8,0.485,16.8,41.2,0.233
220,North Dakota State,27,15,12,0.556,-1.17,-3.25,75.00,41.67,1883,1827,66.6,104.3,0.336,0.362,0.545,54.9,43.2,5.8,7.1,0.504,16.4,28.7,0.256
221,North Dakota,26,9,17,0.346,-10.95,-3.95,62.50,21.43,1787,1969,69,98.2,0.346,0.388,0.528,47.6,49.1,7.4,5.3,0.494,16.7,23.4,0.241
222,North Florida,23,8,15,0.348,-11.2,-4.35,62.50,23.08,1601,1725,68.6,101.5,0.254,0.488,0.557,46.9,51.9,6.5,7.7,0.534,19.3,26.7,0.181
223,North Texas NCAA,26,17,9,0.654,7.4,-0.24,72.73,45.45,1815,1592,65.6,105.9,0.273,0.373,0.572,52.1,51.9,10.3,8.5,0.546,17.8,28.3,0.201
224,Northeastern,19,10,9,0.526,-0.24,0.86,83.33,36.36,1277,1298,68.4,97.6,0.26,0.439,0.544,48,51.2,9.1,5.8,0.515,18,20.2,0.193
225,Northern Arizona,22,6,16,0.273,-14.22,-2.86,12.50,36.36,1390,1640,65.3,96.2,0.304,0.332,0.507,45.7,47.1,8.3,5.2,0.48,15.9,23.8,0.201
226,Northern Colorado,22,11,11,0.5,-8.03,-5.56,54.55,44.44,1551,1519,69.4,101,0.312,0.432,0.553,52.2,44.1,6.2,6.1,0.531,18.1,24.5,0.208
227,Northern Illinois,19,3,16,0.158,-17.02,-1.92,22.22,10.00,1184,1471,67.4,91.9,0.239,0.281,0.465,49.3,44.7,8.5,10.1,0.444,17,32.6,0.147
228,Northern Iowa,25,10,15,0.4,-1.65,2.53,54.55,30.00,1738,1779,68.9,99.9,0.259,0.392,0.53,51.6,50.9,9.3,7.7,0.507,16.6,25.8,0.177
229,Northern Kentucky,25,14,11,0.56,-5.95,-6.07,69.23,45.45,1784,1781,66.2,106.1,0.278,0.395,0.534,50.8,44.8,9.6,4.6,0.506,15.7,34.9,0.196
230,Northwestern State,29,11,18,0.379,-13.76,-5.22,60.00,25.00,2106,2312,73.4,98,0.296,0.337,0.516,47.3,48.8,9.4,7.3,0.489,17,26.8,0.199
231,Northwestern,24,9,15,0.375,10.88,12.92,53.85,20.00,1686,1681,69.3,100.4,0.271,0.404,0.533,48.4,58,8.8,8,0.505,15.2,21.7,0.194
232,Notre Dame,26,11,15,0.423,8.74,10.4,54.55,33.33,1890,1933,67.4,107.9,0.259,0.434,0.569,47.7,57,6.3,9.6,0.539,14.2,22,0.2
233,Oakland,30,12,18,0.4,-8.44,-1.91,55.56,35.29,2240,2436,70.6,102.4,0.332,0.419,0.522,47.5,57.4,11.3,5,0.487,15.4,30,0.235
234,Ohio State NCAA,30,21,9,0.7,19.95,13.58,71.43,63.64,2320,2129,67.5,113.6,0.376,0.394,0.573,51.8,49.5,6.8,9.5,0.531,13.4,29.1,0.287
235,Ohio NCAA,23,16,7,0.696,5.89,-1.16,72.73,50.00,1860,1685,71.9,112.5,0.298,0.385,0.581,50.9,60.1,9.4,6,0.558,14.7,28.8,0.209
236,Oklahoma State NCAA,28,20,8,0.714,14.14,9.97,76.92,66.67,2158,2041,72.8,103.6,0.363,0.319,0.555,52.1,47.7,9.8,11.1,0.521,18.7,31.9,0.259
237,Oklahoma NCAA,25,15,10,0.6,13.73,8.21,76.92,36.36,1869,1731,69.2,106.4,0.291,0.39,0.541,50,50,10.5,9.2,0.508,13.8,27.3,0.217
238,Old Dominion,23,15,8,0.652,-0.73,-0.5,90.00,50.00,1571,1556,68.1,99.7,0.316,0.3,0.523,51.5,47.4,10.9,11.5,0.492,16.2,28.1,0.219
239,Oral Roberts NCAA,26,16,10,0.615,-0.76,-2.58,72.73,41.67,2126,1970,73.7,111,0.273,0.466,0.582,47.5,44.8,8.7,9.6,0.545,14.1,23.8,0.225
240,Oregon State NCAA,29,17,12,0.586,7.55,7.69,62.50,40.00,2049,1981,66,106.1,0.34,0.351,0.539,50.2,59.8,9.1,9.9,0.497,14.7,30.1,0.258
241,Oregon NCAA,26,20,6,0.769,13.62,6.66,84.62,77.78,1934,1753,67.9,109.6,0.268,0.38,0.566,50.7,48.8,11,10.7,0.544,14.8,28.3,0.189
242,Pacific,18,9,9,0.5,1.6,4.19,75.00,33.33,1256,1272,69.1,99,0.276,0.285,0.508,51.7,48.6,9.1,10.3,0.481,14.8,28.9,0.188
243,Penn State,25,11,14,0.44,14.73,15.09,58.33,27.27,1816,1825,69.7,103.2,0.278,0.419,0.513,51.8,52.6,11.3,6.9,0.479,13.9,31.9,0.206
244,Pennsylvania,0,0,0,,,,#DIV/0!,#DIV/0!,,,,,,,,,,,,,,,
245,Pepperdine,24,12,12,0.5,3.61,5.07,58.33,37.50,1830,1790,72.3,103.4,0.326,0.366,0.556,49.1,58.6,8.5,7.7,0.515,16.2,23.6,0.254
246,Pittsburgh,22,10,12,0.455,8.77,7.73,53.85,37.50,1566,1543,68.5,103.8,0.369,0.332,0.519,53.6,57.9,8.8,11.2,0.488,15.5,34.5,0.245
247,Portland State,22,9,13,0.409,-7.88,-6.22,53.85,25.00,1512,1463,70.6,96.8,0.327,0.387,0.49,52.2,46.4,11.7,8.7,0.455,16.5,32.4,0.222
248,Portland,21,6,15,0.286,-13.99,3.67,38.46,14.29,1459,1748,73,94.6,0.359,0.38,0.525,42.4,51.2,8.6,7.9,0.476,17.4,18.7,0.278
249,Prairie View,21,16,5,0.762,-8.49,-15.54,100.00,62.50,1497,1349,70.7,100.9,0.27,0.361,0.524,49.4,58.7,13.6,12.2,0.503,16.8,30.9,0.177
250,Presbyterian,22,7,15,0.318,-13.41,-8.46,45.45,18.18,1411,1476,66.8,95.5,0.347,0.349,0.505,51.2,47.1,10.4,6.9,0.47,19.3,32.3,0.238
251,Princeton,0,0,0,,,,#DIV/0!,#DIV/0!,,,,,,,,,,,,,,,
252,Providence,26,13,13,0.5,9.93,9.81,72.73,36.36,1816,1813,67.2,102,0.316,0.336,0.516,49.5,53.3,8.3,7.7,0.483,14.8,29.1,0.221
253,Purdue NCAA,27,18,9,0.667,17.29,12.47,91.67,45.45,1920,1790,66.8,106,0.322,0.375,0.545,54.5,56,7.7,11.2,0.514,16.1,32.2,0.229
254,Quinnipiac,22,9,13,0.409,-8.32,-6.82,61.54,16.67,1485,1518,72,92.2,0.354,0.415,0.505,47.6,55.2,7.6,11.2,0.469,17.6,21.2,0.243
255,Radford,27,15,12,0.556,-5.6,-6,64.29,50.00,1826,1745,64.7,102.6,0.396,0.358,0.546,55.9,46.7,9.2,5.3,0.513,19.4,34.5,0.27
256,Rhode Island,25,10,15,0.4,6.08,5.72,66.67,18.18,1786,1777,70.4,99.6,0.389,0.319,0.525,52.3,47.7,9.1,12.2,0.492,17.2,29.7,0.26
257,Rice,28,15,13,0.536,-3.76,-1.52,75.00,25.00,2068,2062,72.5,101.9,0.264,0.482,0.554,51.3,58,7.5,5.2,0.527,18.5,26.9,0.193
258,Richmond,21,13,8,0.619,9.55,5.55,60.00,62.50,1574,1453,70.1,106.9,0.303,0.364,0.567,46.4,53,12.6,5.8,0.538,13.8,19.8,0.221
259,Rider,23,6,17,0.261,-11.55,-5.07,11.11,33.33,1553,1702,68.6,97.9,0.29,0.312,0.518,49.4,50.4,7.4,6,0.483,16.3,26.2,0.212
260,Robert Morris,19,4,15,0.211,-12.37,-4.7,33.33,10.00,1374,1494,68.5,101.6,0.256,0.337,0.524,47.5,57.7,9.2,8.1,0.504,16.2,29.5,0.168
261,Rutgers NCAA,26,15,11,0.577,15.18,13.45,71.43,40.00,1819,1774,68.5,101.6,0.277,0.327,0.521,49.2,51.6,11.3,14.1,0.502,14.4,27.4,0.175
262,Sacramento State,20,8,12,0.4,-9.08,-4.97,62.50,27.27,1443,1442,66.2,107,0.315,0.313,0.542,48.9,48,10.2,6.4,0.516,13.2,27.3,0.214
263,Sacred Heart,18,9,9,0.5,-10.23,-5.51,57.14,45.45,1265,1350,68,101.3,0.336,0.415,0.522,48.9,55.9,7,5.1,0.48,16.1,29.5,0.249
264,Saint Francis (PA),22,6,16,0.273,-8.47,-3.97,40.00,16.67,1515,1614,69.7,97.7,0.336,0.329,0.516,49.8,52.1,8.2,5.9,0.478,17.5,28.8,0.24
265,Saint Joseph's,20,5,15,0.25,-3.54,6.91,50.00,10.00,1443,1652,73,95.8,0.267,0.492,0.517,44.9,56.7,8,4.5,0.486,16.8,21.5,0.194
266,Saint Louis,20,14,6,0.7,12.95,2.6,92.31,20.00,1507,1300,68.5,110.1,0.305,0.309,0.546,56.8,63.1,10.3,9.7,0.518,14.9,36.1,0.214
267,Saint Mary's (CA),23,14,9,0.609,7.47,5.69,75.00,40.00,1475,1434,66,97.2,0.277,0.377,0.51,52,44.8,9.4,8,0.476,15.2,26,0.202
268,Saint Peter's,25,14,11,0.56,-4.66,-6.38,72.73,36.36,1580,1537,68,92.9,0.327,0.344,0.493,51.3,52.8,11.8,16,0.456,18.8,30.4,0.228
269,Sam Houston State,28,19,9,0.679,-3.44,-5.02,92.31,53.85,2229,1969,74.7,106.5,0.312,0.407,0.552,49.7,54.6,11.3,8.7,0.526,16.6,30.5,0.216
270,Samford,19,6,13,0.316,-8.54,-1.24,44.44,22.22,1460,1510,75,100.4,0.272,0.397,0.531,52.4,52.3,8.9,8.1,0.506,18.3,30.4,0.186
271,San Diego State NCAA,27,23,4,0.852,14.63,2.2,86.67,75.00,2000,1635,67.1,109.9,0.345,0.4,0.562,53,53.8,12.3,10,0.529,14.6,29,0.249
272,San Diego,14,3,11,0.214,-6.49,4.36,0.00,37.50,927,1079,72.2,90.9,0.256,0.319,0.488,46.2,52.6,9.2,8.5,0.464,16.3,20.9,0.166
273,San Francisco,25,11,14,0.44,5.16,3,37.50,40.00,1786,1732,69.5,102.8,0.215,0.502,0.535,48.7,45.6,10.3,8.4,0.513,14.9,24.9,0.154
274,San Jose State,21,5,16,0.238,-17.6,0.98,40.00,0.00,1381,1710,72.4,90.9,0.29,0.393,0.483,43.4,43.2,6.5,6.7,0.455,15.6,20.6,0.189
275,Santa Clara,20,12,8,0.6,-1.26,0.95,66.67,57.14,1393,1412,72.1,96.6,0.406,0.32,0.521,50.2,49.4,6.1,10.1,0.483,16.3,23.2,0.277
276,Seattle,23,12,11,0.522,-6.66,-4.92,66.67,33.33,1677,1578,70.5,102.8,0.292,0.416,0.516,47.2,44.5,9.3,9.9,0.481,13.2,27.2,0.214
277,Seton Hall,27,14,13,0.519,12.04,10.45,63.64,46.15,1924,1881,67.8,103.7,0.357,0.368,0.539,50.1,51.6,9.2,11.4,0.5,16.4,29.7,0.261
278,Siena,17,12,5,0.706,-3.29,-7.88,75.00,75.00,1149,1071,66.2,102.1,0.372,0.351,0.546,51.7,52.3,8.4,8.4,0.52,17.2,28,0.245
279,South Alabama,28,17,11,0.607,-5.66,-5.49,66.67,54.55,2075,1985,68.4,106.9,0.334,0.436,0.552,48.4,43.9,10.3,11,0.52,15.1,27.2,0.24
280,South Carolina State,18,1,17,0.056,-24.36,-7.03,14.29,0.00,1102,1414,72.5,84.4,0.276,0.376,0.472,44.6,44.4,8.1,7.6,0.448,21.1,25.8,0.171
281,South Carolina Upstate,23,5,18,0.217,-13.13,-4.63,27.27,16.67,1515,1712,68.9,95.6,0.293,0.4,0.524,46.5,51.3,9,7.1,0.491,18.4,23.7,0.211
282,South Carolina,21,6,15,0.286,3.79,10.41,33.33,22.22,1523,1662,75.4,96.1,0.279,0.342,0.493,48.7,49.5,11.1,10,0.467,16.8,31.7,0.183
283,South Dakota State,23,16,7,0.696,2.63,-2.69,88.89,66.67,1850,1690,71.9,111.9,0.377,0.348,0.597,53.5,49.9,7.7,8.5,0.568,15.4,24.4,0.27
284,South Dakota,25,14,11,0.56,-1.81,-4.06,77.78,55.56,1899,1805,70.2,108.1,0.325,0.332,0.572,50.5,51.8,6.5,6.9,0.533,13.9,22.1,0.254
285,South Florida,22,9,13,0.409,0.1,6.39,40.00,42.86,1449,1571,68.3,95.9,0.343,0.33,0.488,52.8,48.6,7.7,8.6,0.458,17.2,33.2,0.218
286,Southeast Missouri State,27,11,16,0.407,-9.83,-7.16,53.85,25.00,1864,1936,68.9,97.5,0.405,0.396,0.532,51.6,59.4,9.7,6.7,0.499,19.2,27.6,0.272
287,Southeastern Louisiana,26,8,18,0.308,-17.62,-8.24,42.86,23.53,1775,2019,71.6,94.1,0.41,0.405,0.496,48.5,44.2,9.5,7.3,0.454,18.8,31.2,0.278
288,Southern California NCAA,29,22,7,0.759,17.27,7.61,86.67,70.00,2168,1888,67.6,108.8,0.375,0.312,0.545,55,50.3,7,13.6,0.521,15.4,35.6,0.242
289,SIU Edwardsville,26,9,17,0.346,-14.53,-5.61,20.00,46.15,1709,1897,69.8,94.2,0.33,0.349,0.527,48.4,54.4,8.4,13.1,0.497,20.3,26.5,0.225
290,Southern Illinois,26,12,14,0.462,-3.48,0.8,61.54,27.27,1704,1770,65.8,98.7,0.294,0.411,0.549,46.5,57.3,9.3,5.6,0.528,16.7,17,0.195
291,Southern Methodist,16,11,5,0.688,11.14,4.14,75.00,71.43,1185,1073,70.8,104.6,0.313,0.375,0.547,51.4,56.7,8.7,12.7,0.514,17.4,30.5,0.228
292,Southern Mississippi,25,8,17,0.32,-6.88,-2.1,46.15,18.18,1605,1668,68.5,93.3,0.281,0.302,0.507,50.8,50.1,8.6,6.7,0.48,18.2,24.4,0.19
293,Southern Utah,24,20,4,0.833,-0.7,-7.02,100.00,62.50,2021,1669,73.1,114.6,0.374,0.419,0.582,55.5,48.4,9.5,7.2,0.545,14.3,31.7,0.279
294,Southern,19,8,11,0.421,-13.71,-13.28,71.43,30.00,1327,1335,72.9,94,0.405,0.299,0.517,51.5,57.4,11,6.6,0.48,19.4,27.9,0.272
295,St. Bonaventure NCAA,20,16,4,0.8,15.15,5,88.89,57.14,1410,1207,65.2,108.2,0.278,0.319,0.536,53.1,56.8,9.2,12.4,0.505,14.4,33.6,0.204
296,St. Francis (NY),19,9,10,0.474,-8.26,-6.42,40.00,55.56,1476,1511,73.6,104.9,0.307,0.293,0.53,49.4,50,10.9,8.9,0.495,14.1,30.2,0.226
297,St. John's (NY),27,16,11,0.593,10.27,8.05,78.57,40.00,2132,2072,74.1,105.1,0.286,0.333,0.538,48.7,56.5,12.1,10.2,0.504,14.6,29.1,0.214
298,Stanford,27,14,13,0.519,8.11,7.96,55.56,50.00,1883,1879,69.7,98.3,0.365,0.309,0.549,50,49,10,9.5,0.514,19,25.1,0.261
299,Stephen F. Austin,21,16,5,0.762,-1.87,-8.71,90.91,60.00,1686,1484,72.7,109.1,0.421,0.249,0.588,55.4,53.2,12.9,10,0.562,19.5,36.8,0.286
300,Stetson,25,11,14,0.44,-7.38,-4.57,58.33,27.27,1800,1767,68.7,104.3,0.273,0.423,0.542,50.8,54.7,10.3,7.7,0.517,16.6,29.3,0.19
301,Stony Brook,23,9,14,0.391,-5.27,-3.86,50.00,33.33,1522,1509,67.7,96.6,0.329,0.359,0.499,51.7,51.2,8.2,14.5,0.465,17.3,30.8,0.225
302,Syracuse NCAA,25,16,9,0.64,13.75,8.63,92.86,22.22,1896,1768,69.7,108.2,0.284,0.392,0.545,48.7,56.5,12.4,14.4,0.507,13.8,30.2,0.222
303,Tarleton State,20,10,10,0.5,-8.17,-3.91,66.67,36.36,1467,1246,69.2,106.1,0.365,0.258,0.554,48.7,55.5,15.1,10,0.518,14.8,26,0.263
304,Temple,16,5,11,0.313,2.77,5.77,37.50,28.57,1053,1101,68.3,96.3,0.389,0.387,0.512,49.5,61.5,6.1,6.7,0.467,17.2,25.9,0.279
305,Tennessee-Martin,24,8,16,0.333,-19.02,-5.49,46.15,18.18,1571,1847,68.7,94.2,0.294,0.355,0.495,46.7,52,10.3,8,0.458,17.8,29.2,0.211
306,Tennessee State,23,4,19,0.174,-13.65,-6.79,33.33,0.00,1573,1702,72.5,93.4,0.326,0.358,0.507,46.9,47.2,10.1,8.9,0.475,18.5,25.5,0.223
307,Tennessee Tech,27,5,22,0.185,-13.63,-3.34,45.45,0.00,1797,2075,70.2,94.4,0.27,0.427,0.525,49.4,57.9,9.2,6.2,0.501,20.1,26.6,0.183
308,Tennessee NCAA,26,18,8,0.692,18.06,8.79,81.25,50.00,1885,1644,68.8,105.4,0.351,0.343,0.542,51.6,59.2,10.5,14.4,0.501,15.7,31.4,0.262
309,Texas A&M-Corpus Christi,24,5,19,0.208,-16.95,-6.29,33.33,9.09,1554,1716,71.3,90.8,0.357,0.358,0.513,48.4,56.8,9.6,8.1,0.477,20.9,24.6,0.245
310,Texas A&M,18,8,10,0.444,2.31,4.97,60.00,33.33,1157,1205,66.1,97.2,0.34,0.405,0.516,50.9,54.4,10.4,6.7,0.476,19.1,32.8,0.246
311,Texas-Arlington,26,13,13,0.5,-7.2,-4.55,69.23,27.27,1916,1827,71.6,102.5,0.268,0.397,0.513,48.9,52.1,11.4,12.2,0.479,14.3,29.3,0.197
312,Texas Christian,26,12,14,0.462,2.83,7.21,46.15,33.33,1738,1852,67.6,98.4,0.324,0.363,0.527,50.2,54.1,8.9,9.1,0.499,18.3,28.9,0.218
313,Texas-El Paso,24,12,12,0.5,0.9,1.09,83.33,18.18,1698,1644,69.6,101.1,0.291,0.366,0.521,49.4,46.9,8.9,7.5,0.484,13.9,24.2,0.217
314,Texas-Rio Grande Valley,19,9,10,0.474,-10.22,-5.82,72.73,14.29,1376,1287,74.5,97.2,0.402,0.369,0.496,49.5,60.7,11.9,11.2,0.463,16.9,32.4,0.256
315,Texas-San Antonio,26,15,11,0.577,-1.41,-0.36,85.71,20.00,2050,1906,73.4,107.4,0.234,0.364,0.537,51.3,49.9,8.4,8.8,0.508,13.7,29.9,0.178
316,Texas Southern NCAA,24,16,8,0.667,-7.48,-10.96,80.00,45.45,1795,1672,74.4,100,0.382,0.276,0.526,53.9,45.8,9.6,12.4,0.489,18.4,32.7,0.267
317,Texas State,25,18,7,0.72,-3.93,-7.45,72.73,75.00,1660,1543,64.6,101.2,0.274,0.269,0.54,52.4,52.6,10.4,9.6,0.514,17.8,29.8,0.194
318,Texas Tech NCAA,27,17,10,0.63,16.54,6.91,73.33,55.56,1972,1712,67,108,0.393,0.313,0.537,51.5,51,10.7,12.6,0.497,13.9,33.6,0.279
319,Texas NCAA,26,19,7,0.731,16.24,9.81,61.54,75.00,1956,1789,69.6,106.5,0.341,0.419,0.559,53,49.9,9.3,10,0.529,17.5,31.3,0.241
320,Toledo,29,21,8,0.724,7.62,-1.48,92.31,58.33,2367,2103,70.4,114.5,0.284,0.451,0.576,50.3,56.1,8.6,6.4,0.543,13.4,29.6,0.221
321,Towson,18,4,14,0.222,-9.02,-1.52,50.00,0.00,1214,1349,66.8,99.5,0.334,0.295,0.497,51.5,39.2,7.4,7.9,0.454,15.5,34.1,0.243
322,Troy,28,11,17,0.393,-11.63,-3.63,63.64,15.38,1829,1942,70.2,92.7,0.348,0.388,0.492,51.2,50.3,8.9,8.7,0.452,18.3,28.8,0.242
323,Tulane,23,10,13,0.435,1.04,3.6,50.00,33.33,1470,1529,67.8,94.3,0.366,0.4,0.493,45.8,55.3,11,9.7,0.442,14.8,22.9,0.273
324,Tulsa,23,11,12,0.478,4.22,5.46,58.33,50.00,1573,1509,68,100.5,0.33,0.399,0.539,49.2,57.8,9.3,6.3,0.511,17.4,26.9,0.223
325,UCLA NCAA,26,17,9,0.654,12.41,8.06,91.67,45.45,1894,1781,65.5,108.1,0.326,0.317,0.552,53.2,51.6,7.5,7.8,0.52,14.5,30.2,0.235
326,Utah State NCAA,28,20,8,0.714,11.25,0.76,83.33,62.50,2052,1743,69.5,105.4,0.302,0.32,0.533,57.2,60.7,9.8,14.6,0.5,16.5,35.7,0.219
327,Utah Valley,22,11,11,0.5,-4.38,-2.58,66.67,33.33,1632,1635,72,102.5,0.422,0.269,0.546,54.5,62.5,7.2,11.6,0.522,18,31.5,0.266
328,Utah,25,12,13,0.48,9.38,7.06,61.54,30.00,1803,1745,67.8,105.3,0.288,0.346,0.567,47.9,57.6,7.9,9.2,0.531,16.8,23.6,0.228
329,Valparaiso,28,10,18,0.357,-3.91,1.43,50.00,26.67,1821,1902,68.3,94.4,0.272,0.403,0.512,47.1,53.9,9.5,9.4,0.479,16.3,20.1,0.198
330,Vanderbilt,25,9,16,0.36,6.64,7.24,46.15,20.00,1794,1809,69.6,103,0.329,0.471,0.548,49.3,52.2,10.1,7.3,0.512,17.4,28.1,0.242
331,Vermont,15,10,5,0.667,2.79,-6.81,66.67,66.67,1095,951,66.4,108.1,0.33,0.407,0.572,52.9,55.1,7.4,8,0.533,16,26.6,0.257
332,Villanova NCAA,22,16,6,0.727,18.08,9.67,100.00,50.00,1662,1477,66.2,113.4,0.301,0.446,0.563,51.1,57.8,8,4.4,0.529,11.9,28,0.23
333,Virginia Commonwealth NCAA,26,19,7,0.731,12.28,5.74,85.71,62.50,1864,1694,70.5,101.2,0.34,0.349,0.55,49.6,52.7,13,14.8,0.509,18.3,28,0.259
334,VMI,25,13,12,0.52,0.14,-0.23,91.67,9.09,2001,1897,72.3,109.5,0.272,0.469,0.584,51.3,55.7,7.3,8,0.554,15.5,23.4,0.21
335,Virginia Tech NCAA,21,15,6,0.714,13.68,7.06,83.33,50.00,1515,1376,66.5,107.2,0.332,0.41,0.553,52.3,56.6,7.1,11.8,0.525,15.2,28.4,0.232
336,Virginia NCAA,24,18,6,0.75,16.66,8.49,90.91,66.67,1647,1451,60.8,112.3,0.22,0.423,0.589,52.1,55.1,8,13,0.561,13.9,23.1,0.179
337,Wagner,20,13,7,0.65,-3.37,-5.92,70.00,60.00,1425,1374,66.8,104.8,0.28,0.305,0.522,52.5,48.4,10.8,8.2,0.491,15.3,34.8,0.201
338,Wake Forest,22,6,16,0.273,2.72,9.05,45.45,10.00,1458,1583,67.4,97.7,0.294,0.46,0.524,48.9,50.3,9.1,6.2,0.49,17.7,25.8,0.214
339,Washington State,27,14,13,0.519,5.82,4.64,68.75,33.33,1853,1821,68.6,97.4,0.347,0.396,0.517,52.3,51.8,8.8,9,0.479,18.7,30.8,0.246
340,Washington,26,5,21,0.192,-0.55,9.18,36.36,10.00,1759,2012,71,95.3,0.262,0.392,0.517,44.5,43.7,8.6,8.9,0.489,17.3,23.4,0.185
341,Weber State,23,17,6,0.739,1.9,-6.45,100.00,54.55,1881,1594,72.5,112.8,0.368,0.382,0.616,51.4,52.6,9.2,8,0.579,15.9,22.2,0.289
342,West Virginia NCAA,27,18,9,0.667,15.86,10.67,61.54,77.78,2087,1947,70.7,107.8,0.394,0.331,0.53,51.7,52.5,10.4,7.6,0.487,14.3,35.5,0.283
343,Western Carolina,27,11,16,0.407,-6.92,-1.52,54.55,30.77,2039,2129,72.2,102.2,0.333,0.42,0.558,49.6,50.1,6.7,7.4,0.526,17.3,22.9,0.242
344,Western Illinois,22,7,15,0.318,-12.84,-4.98,28.57,30.77,1606,1746,73.5,99.3,0.358,0.365,0.504,51.1,40.9,7.2,7.9,0.461,15.2,29.1,0.256
345,Western Kentucky,27,20,7,0.741,5.41,0.18,84.62,62.50,1974,1833,69.4,104.3,0.362,0.328,0.557,55,52.4,9.4,12.5,0.51,18.5,32.1,0.286
346,Western Michigan,21,5,16,0.238,-10.61,-0.31,18.18,30.00,1325,1511,68.3,92.4,0.252,0.37,0.513,48.2,49.1,6.5,5.3,0.494,19.1,23.6,0.161
347,Wichita State NCAA,21,16,5,0.762,9.43,6.8,83.33,71.43,1520,1416,68.8,104,0.365,0.406,0.514,49,54.3,8.8,9.5,0.477,13.9,30.6,0.251
348,William & Mary,17,7,10,0.412,-10.32,-3.09,25.00,45.45,1101,1224,67.2,95.7,0.32,0.361,0.504,48.4,47.2,7.8,8.4,0.461,17.5,28.6,0.239
349,Winthrop NCAA,24,23,1,0.958,5.1,-7.65,91.67,100.00,1909,1603,72.8,109.3,0.357,0.393,0.558,56.3,53.6,10.7,6.7,0.53,16.6,35.5,0.245
350,Wisconsin NCAA,29,17,12,0.586,17.82,12.51,68.75,45.45,2019,1865,65.7,105,0.269,0.408,0.53,48.8,54.3,8.8,10.4,0.494,12,23.7,0.207
351,Wofford,24,15,9,0.625,2.19,0.19,75.00,60.00,1784,1627,67.6,109.4,0.254,0.504,0.579,51.6,54.3,9.8,6.1,0.56,16.6,27.7,0.179
352,Wright State,24,18,6,0.75,7.73,-6.82,69.23,81.82,1967,1618,72.1,113,0.345,0.329,0.574,56.2,52,8.1,8.4,0.544,15.5,34.2,0.25
353,Wyoming,25,14,11,0.56,-1.48,-2.56,58.33,44.44,1915,1888,69.9,108.4,0.353,0.488,0.569,47,54.1,8.2,5.4,0.537,14.3,22.9,0.254
354,Xavier,21,13,8,0.619,11.95,7.33,84.62,28.57,1571,1474,69.5,106.4,0.259,0.388,0.544,50.8,62.6,9.8,10.3,0.521,14,26.8,0.18
355,Yale,0,0,0,,,,#DIV/0!,#DIV/0!,,,,,,,,,,,,,,,
356,Youngstown State,27,15,12,0.556,-8.94,-7.33,66.67,41.67,2010,1950,69.1,106.2,0.321,0.362,0.522,51.3,48.7,8.6,4.6,0.484,13.9,33.6,0.233
